{"stats":{"minecraft:crafted":{"minecraft:oak_planks":16,"minecraft:flint_and_steel":1,"minecraft:iron_axe":1,"sophisticatedbackpacks:iron_backpack":1,"sophisticatedbackpacks:backpack":1,"minecraft:crafting_table":3,"minecraft:blue_dye":1,"minecraft:bamboo_planks":12,"minecraft:shield":2,"minecraft:stick":4,"minecraft:gold_ingot":9},"minecraft:custom":{"minecraft:mob_kills":23,"minecraft:interact_with_anvil":5,"minecraft:interact_with_crafting_table":12,"minecraft:open_barrel":8,"minecraft:damage_dealt_resisted":955,"minecraft:leave_game":1,"minecraft:climb_one_cm":2225,"minecraft:time_since_death":45311,"minecraft:sprint_one_cm":166436,"minecraft:walk_one_cm":240727,"minecraft:damage_blocked_by_shield":120,"minecraft:drop":123,"minecraft:talked_to_villager":1,"minecraft:play_time":45311,"minecraft:sneak_time":5923,"minecraft:walk_under_water_one_cm":4312,"minecraft:interact_with_brewingstand":1,"minecraft:jump":1649,"minecraft:walk_on_water_one_cm":6852,"minecraft:total_world_time":45311,"minecraft:interact_with_grindstone":1,"minecraft:time_since_rest":45311,"minecraft:damage_taken":1680,"minecraft:trigger_trapped_chest":7,"minecraft:damage_dealt":5913,"minecraft:swim_one_cm":5636,"minecraft:fly_one_cm":216939,"minecraft:open_chest":24,"minecraft:crouch_one_cm":33759,"minecraft:fall_one_cm":52015,"minecraft:horse_one_cm":423},"minecraft:dropped":{"minecraft:spruce_sign":2,"minecraft:water_bucket":1,"minecraft:iron_ingot":32,"minecraft:bread":35,"minecraft:iron_sword":1,"minecraft:wheat_seeds":246,"minecraft:oak_log":21,"minecraft:ender_pearl":3,"minecraft:crafting_table":1,"minecraft:poisonous_potato":1,"minecraft:iron_helmet":1,"minecraft:cobblestone":188,"minecraft:lead":1,"minecraft:lantern":1,"qualitycrops:wheat_diamond":1,"minecraft:copper_ingot":32,"born_in_chaos_v1:pileof_dark_metal":1,"minecraft:rail":4,"minecraft:spruce_stairs":1,"minecraft:grass_block":1,"minecraft:flint":6,"minecraft:stick":9,"minecraft:dirt":2,"farmersdelight:golden_knife":1,"gnumus:gnumus_claw":2,"minecraft:mossy_cobblestone_slab":2,"minecraft:crimson_roots":8,"minecraft:melon_slice":11,"minecraft:potion":1,"minecraft:iron_leggings":1,"farmersdelight:onion":1,"gravestone:obituary":1,"minecraft:iron_axe":1,"minecraft:mossy_cobblestone_stairs":1,"minecraft:iron_pickaxe":2,"minecraft:iron_shovel":1,"minecraft:bamboo_slab":2,"minecraft:bamboo_planks":12,"minecraft:gold_ingot":8,"minecraft:gravel":1,"dynamictrees:crimson_seed":1,"minecraft:iron_nugget":40,"dynamictrees:oak_seed":1,"born_in_chaos_v1:fire_dust":4,"minecraft:wheat":25,"minecraft:obsidian":2,"farmersdelight:cabbage_seeds":2,"minecraft:grindstone":1,"minecraft:rotten_flesh":5,"untamedwilds:flora_canola":1,"minecraft:oak_planks":2,"minecraft:iron_boots":1,"minecraft:iron_hoe":1,"minecraft:green_concrete":3,"sophisticatedbackpacks:backpack":11,"minecraft:name_tag":1,"minecraft:flint_and_steel":1,"qualitycrops:wheat_iron":1,"minecraft:shield":2,"qualitycrops:wheat_gold":1,"minecraft:gunpowder":9,"dynamictrees:warped_seed":1,"minecraft:allium":3,"minecraft:skeleton_skull":4,"minecraft:spruce_planks":1,"minecraft:iron_chestplate":1,"minecraft:charcoal":3,"gnumus:gnumus_chickpeas":3,"minecraft:carved_pumpkin":2,"minecraft:spider_eye":1,"vinery:red_grape":1,"minecraft:arrow":2,"minecraft:bow":1,"farmersdelight:tomato_seeds":3},"minecraft:used":{"dynamictrees:crimson_seed":1,"minecraft:iron_shovel":15,"minecraft:flint_and_steel":2,"minecraft:shield":3,"minecraft:iron_sword":110,"minecraft:iron_chestplate":1,"minecraft:iron_hoe":35,"born_in_chaos_v1:smoked_flesh":1,"minecraft:lava_bucket":8,"minecraft:grass_block":36,"minecraft:lantern":1,"minecraft:iron_axe":257,"minecraft:iron_helmet":1,"minecraft:iron_boots":1,"minecraft:bow":4,"minecraft:trapped_chest":2,"minecraft:iron_leggings":1,"vinery:red_grape":1,"minecraft:water_bucket":45,"minecraft:crafting_table":5,"sophisticatedbackpacks:backpack":13,"minecraft:bread":35,"minecraft:iron_pickaxe":154,"minecraft:cobblestone":45,"untamedwilds:flora_bush_temperate":1,"minecraft:bucket":53},"minecraft:picked_up":{"minecraft:allium":3,"qualitycrops:wheat_gold":1,"minecraft:charcoal":2,"minecraft:iron_chestplate":1,"vinery:red_grape":2,"minecraft:wheat":75,"minecraft:smithing_table":2,"born_in_chaos_v1:river_mint":11,"gnumus:gnumus_claw":2,"born_in_chaos_v1:seedof_chaos":2,"minecraft:lead":1,"minecraft:brown_mushroom":3,"vinery:red_grape_seeds":3,"untamedwilds:flora_canola":1,"minecraft:gold_block":1,"brewery:whiskey_maggoallan":1,"bakery:strawberry_seeds":2,"gravestone:obituary":1,"minecraft:shield":2,"crittersandcompanions:grappling_hook":1,"minecraft:cornflower":3,"qualitycrops:wheat_diamond":1,"minecraft:string":11,"minecraft:raw_copper":8,"minecraft:iron_axe":1,"minecraft:iron_leggings":1,"born_in_chaos_v1:dark_upgrade":1,"minecraft:armor_stand":2,"minecraft:iron_shovel":1,"minecraft:sea_pickle":2,"minecraft:spruce_planks":1,"minecraft:iron_pickaxe":1,"dynamictrees:oak_seed":19,"minecraft:melon_slice":11,"minecraft:chest":6,"dynamictrees:cocoa_seed":1,"minecraft:iron_boots":1,"minecraft:tipped_arrow":1,"minecraft:stick":9,"minecraft:raw_iron":51,"born_in_chaos_v1:shattered_skull":2,"minecraft:composter":5,"minecraft:copper_ingot":32,"minecraft:bamboo_slab":2,"minecraft:spruce_stairs":1,"untamedwilds:flora_bush_temperate":1,"sophisticatedbackpacks:backpack":12,"minecraft:pointed_dripstone":10,"born_in_chaos_v1:pieceofdarkmetal":1,"minecraft:carrot":11,"minecraft:iron_horse_armor":1,"minecraft:bamboo_block":4,"minecraft:arrow":5,"minecraft:rotten_flesh":9,"farmersdelight:onion":1,"dynamictrees:crimson_seed":2,"vinery:white_grape_seeds":9,"minecraft:hay_block":34,"minecraft:carved_pumpkin":2,"minecraft:iron_block":2,"gnumus:gnumus_chickpeas":3,"minecraft:gold_ingot":8,"minecraft:rail":4,"minecraft:skeleton_skull":8,"minecraft:cobblestone":201,"minecraft:mossy_cobblestone_slab":2,"minecraft:feather":1,"minecraft:water_bucket":1,"minecraft:potato":15,"gnumus:gnumus_pouch":1,"minecraft:flint":1,"minecraft:oak_log":30,"minecraft:dirt":2,"minecraft:lantern":2,"minecraft:stripped_bamboo_block":2,"minecraft:bone":12,"minecraft:apple":4,"minecraft:bow":1,"minecraft:wheat_seeds":338,"minecraft:grindstone":1,"minecraft:iron_ingot":32,"born_in_chaos_v1:smoked_flesh":1,"dynamictrees:warped_seed":1,"minecraft:iron_sword":1,"minecraft:book":297,"bakery:strawberry":7,"minecraft:poisonous_potato":1,"minecraft:gravel":1,"minecraft:spider_eye":1,"minecraft:barrel":17,"minecraft:iron_hoe":1,"minecraft:pumpkin_seeds":43,"born_in_chaos_v1:fire_dust":4,"qualitycrops:wheat_iron":1,"minecraft:green_concrete":3,"minecraft:iron_helmet":1,"minecraft:golden_apple":1,"minecraft:mossy_cobblestone_stairs":1,"minecraft:spruce_sign":2,"minecraft:emerald":2,"minecraft:bread":55,"minecraft:brown_banner":2,"minecraft:melon_seeds":8,"minecraft:crimson_roots":8,"minecraft:coal":54,"minecraft:hopper":1},"minecraft:killed":{"born_in_chaos_v1:zombie_clown":2,"minecraft:cave_spider":2,"born_in_chaos_v1:door_knight_not_despawn":2,"minecraft:spider":4,"born_in_chaos_v1:firelight":4,"creeperoverhaul:bamboo_creeper":2,"born_in_chaos_v1:maggot":2,"minecraft:skeleton":6,"gnumus:gnumus_hunter":2,"born_in_chaos_v1:bone_imp_minion":4,"born_in_chaos_v1:decrepit_skeleton":4,"minecraft:zombie":8,"alexsmobs:roadrunner":2},"minecraft:broken":{"minecraft:iron_axe":1},"minecraft:mined":{"minecraft:spruce_planks":1,"minecraft:carved_pumpkin":1,"minecraft:grass_block":2,"minecraft:crimson_roots":3,"minecraft:bamboo_block":4,"minecraft:green_concrete":3,"minecraft:composter":5,"minecraft:hopper":1,"minecraft:spawner":7,"dynamictrees:oak_leaves":1,"minecraft:hay_block":34,"burnt:burnt_grass":1,"gnumus:scion_weed":1,"minecraft:mossy_cobblestone_slab":2,"minecraft:iron_ore":48,"minecraft:fire":6,"minecraft:barrel":17,"minecraft:gold_block":1,"minecraft:bookshelf":94,"minecraft:pointed_dripstone":2,"minecraft:stripped_bamboo_block":2,"minecraft:stone":13,"sophisticatedbackpacks:backpack":11,"minecraft:smithing_table":2,"minecraft:bamboo_slab":1,"minecraft:cornflower":1,"dynamictrees:cocoa":1,"untamedwilds:flora_bush_temperate":1,"vinery:red_grape_bush":1,"dynamictrees:acacia_leaves":1,"minecraft:emerald_ore":2,"bakery:wild_strawberries":9,"minecraft:melon":2,"minecraft:chest":6,"minecraft:dead_bush":4,"minecraft:campfire":1,"untamedwilds:flora_elephant_ear":1,"minecraft:tall_grass":1,"minecraft:copper_ore":2,"minecraft:cobblestone":5,"minecraft:grindstone":1,"dynamictrees:crimson_sapling":2,"vinery:white_grape_bush":3,"minecraft:skeleton_skull":3,"minecraft:spruce_stairs":1,"untamedwilds:block_burrow":1,"minecraft:sea_pickle":1,"minecraft:wheat":1,"born_in_chaos_v1:river_mint":11,"minecraft:stone_brick_stairs":1,"dynamictrees:warped_sapling":1,"minecraft:grass":11,"minecraft:oak_log":9,"minecraft:coal_ore":54,"minecraft:gravel":13,"minecraft:dirt":2,"minecraft:cobweb":4,"minecraft:fern":1,"minecraft:yellow_terracotta":2}},"DataVersion":3465}