{"stats":{"minecraft:crafted":{"minecraft:oak_planks":24,"minecraft:flint_and_steel":1,"minecraft:iron_axe":1,"minecraft:dark_oak_planks":8,"sophisticatedbackpacks:iron_backpack":1,"sophisticatedbackpacks:backpack":1,"minecraft:crafting_table":4,"minecraft:blue_dye":1,"minecraft:oak_boat":1,"minecraft:bamboo_planks":12,"minecraft:shield":2,"minecraft:stick":4,"minecraft:gold_ingot":9,"burnt:burnt_planks":8},"minecraft:custom":{"minecraft:interact_with_anvil":5,"minecraft:mob_kills":53,"minecraft:interact_with_crafting_table":13,"minecraft:open_barrel":8,"minecraft:damage_dealt_resisted":2009,"minecraft:leave_game":2,"minecraft:time_since_death":57843,"minecraft:climb_one_cm":2225,"minecraft:sprint_one_cm":205660,"minecraft:walk_one_cm":271550,"minecraft:damage_blocked_by_shield":290,"minecraft:drop":142,"minecraft:talked_to_villager":1,"minecraft:play_time":57843,"minecraft:sneak_time":6285,"minecraft:walk_under_water_one_cm":12680,"minecraft:boat_one_cm":50805,"minecraft:interact_with_brewingstand":1,"minecraft:jump":1939,"minecraft:walk_on_water_one_cm":10107,"minecraft:total_world_time":57843,"minecraft:interact_with_grindstone":1,"minecraft:time_since_rest":57843,"minecraft:damage_taken":2431,"minecraft:trigger_trapped_chest":7,"minecraft:damage_dealt":10950,"minecraft:swim_one_cm":23835,"minecraft:fly_one_cm":268027,"minecraft:open_chest":55,"minecraft:crouch_one_cm":35143,"minecraft:fall_one_cm":59086,"minecraft:horse_one_cm":423},"minecraft:dropped":{"farmersdelight:tomato_seeds":3,"minecraft:water_bucket":1,"minecraft:spruce_sign":2,"minecraft:iron_ingot":32,"minecraft:bread":35,"minecraft:iron_sword":1,"minecraft:wheat_seeds":246,"minecraft:oak_log":21,"minecraft:ender_pearl":3,"minecraft:crafting_table":1,"minecraft:poisonous_potato":1,"minecraft:feather":1,"minecraft:iron_helmet":1,"minecraft:cobblestone":223,"minecraft:lead":1,"minecraft:lantern":1,"qualitycrops:wheat_diamond":1,"minecraft:copper_ingot":32,"born_in_chaos_v1:pileof_dark_metal":1,"minecraft:spruce_stairs":1,"minecraft:rail":4,"minecraft:grass_block":1,"minecraft:coal":1,"minecraft:flint":8,"minecraft:stick":11,"minecraft:dirt":2,"farmersdelight:golden_knife":1,"minecraft:mossy_cobblestone_slab":2,"gnumus:gnumus_claw":2,"minecraft:crimson_roots":8,"minecraft:melon_slice":11,"minecraft:potion":1,"minecraft:iron_leggings":1,"gravestone:obituary":1,"farmersdelight:onion":1,"minecraft:iron_axe":1,"minecraft:dark_oak_planks":4,"minecraft:iron_pickaxe":2,"minecraft:mossy_cobblestone_stairs":1,"minecraft:string":1,"minecraft:iron_shovel":1,"minecraft:bamboo_slab":2,"minecraft:bamboo_planks":12,"minecraft:gold_ingot":8,"minecraft:gravel":1,"dynamictrees:crimson_seed":1,"burnt:burnt_planks":8,"dynamictrees:oak_seed":1,"minecraft:iron_nugget":40,"born_in_chaos_v1:fire_dust":4,"minecraft:wheat":25,"minecraft:obsidian":2,"farmersdelight:cabbage_seeds":2,"minecraft:rotten_flesh":17,"minecraft:grindstone":1,"untamedwilds:flora_canola":1,"minecraft:oak_planks":5,"minecraft:iron_boots":1,"minecraft:iron_hoe":1,"minecraft:green_concrete":3,"sophisticatedbackpacks:backpack":11,"minecraft:name_tag":1,"minecraft:flint_and_steel":1,"qualitycrops:wheat_iron":1,"minecraft:filled_map":1,"minecraft:shield":2,"qualitycrops:wheat_gold":1,"minecraft:gunpowder":9,"minecraft:allium":3,"dynamictrees:warped_seed":1,"minecraft:skeleton_skull":4,"minecraft:spruce_planks":1,"minecraft:iron_chestplate":1,"minecraft:charcoal":3,"gnumus:gnumus_chickpeas":3,"minecraft:carved_pumpkin":2,"minecraft:spider_eye":1,"vinery:red_grape":1,"minecraft:arrow":2,"minecraft:bow":1},"minecraft:used":{"minecraft:iron_shovel":15,"dynamictrees:crimson_seed":1,"minecraft:flint_and_steel":2,"minecraft:shield":8,"minecraft:iron_sword":143,"minecraft:iron_chestplate":1,"minecraft:iron_hoe":35,"born_in_chaos_v1:smoked_flesh":1,"minecraft:lava_bucket":8,"minecraft:lantern":1,"minecraft:iron_axe":328,"minecraft:grass_block":36,"minecraft:iron_helmet":1,"minecraft:iron_boots":1,"minecraft:bow":4,"minecraft:trapped_chest":2,"vinery:red_grape":1,"minecraft:iron_leggings":1,"minecraft:water_bucket":152,"minecraft:crafting_table":6,"sophisticatedbackpacks:backpack":13,"minecraft:apple":1,"minecraft:bread":49,"minecraft:iron_pickaxe":157,"minecraft:cobblestone":52,"untamedwilds:flora_bush_temperate":1,"minecraft:bucket":161,"minecraft:oak_boat":1},"minecraft:picked_up":{"qualitycrops:wheat_gold":1,"vinery:red_grape":2,"minecraft:iron_chestplate":1,"minecraft:wheat":75,"minecraft:allium":3,"born_in_chaos_v1:river_mint":11,"born_in_chaos_v1:seedof_chaos":3,"minecraft:smithing_table":2,"minecraft:brown_mushroom":3,"gnumus:gnumus_claw":6,"minecraft:lead":1,"vinery:red_grape_seeds":3,"untamedwilds:flora_canola":1,"minecraft:gold_block":1,"brewery:whiskey_maggoallan":1,"bakery:strawberry_seeds":3,"gravestone:obituary":1,"minecraft:shield":2,"crittersandcompanions:grappling_hook":1,"minecraft:cornflower":3,"minecraft:string":12,"qualitycrops:wheat_diamond":1,"minecraft:raw_copper":8,"minecraft:iron_axe":1,"minecraft:iron_leggings":1,"born_in_chaos_v1:dark_upgrade":1,"minecraft:armor_stand":2,"minecraft:iron_shovel":1,"minecraft:sea_pickle":2,"minecraft:bucket":1,"minecraft:spruce_planks":1,"minecraft:iron_pickaxe":1,"dynamictrees:oak_seed":19,"minecraft:melon_slice":11,"minecraft:chest":6,"dynamictrees:cocoa_seed":1,"minecraft:iron_boots":1,"minecraft:tipped_arrow":1,"minecraft:raw_iron":51,"minecraft:stick":9,"born_in_chaos_v1:shattered_skull":2,"gnumus:juicy_meat":2,"minecraft:composter":5,"minecraft:copper_ingot":32,"minecraft:bamboo_slab":2,"untamedwilds:flora_bush_temperate":1,"minecraft:spruce_stairs":1,"sophisticatedbackpacks:backpack":12,"minecraft:pointed_dripstone":10,"born_in_chaos_v1:pieceofdarkmetal":1,"minecraft:carrot":11,"minecraft:iron_horse_armor":1,"minecraft:bamboo_block":4,"minecraft:arrow":14,"minecraft:rotten_flesh":21,"burnt:burnt_log":2,"farmersdelight:onion":1,"dynamictrees:crimson_seed":2,"vinery:white_grape_seeds":9,"minecraft:hay_block":34,"minecraft:iron_block":2,"minecraft:carved_pumpkin":2,"gnumus:gnumus_chickpeas":6,"alexsmobs:emu_egg":2,"minecraft:gold_ingot":8,"gnumus:mouse_skin":8,"minecraft:skeleton_skull":8,"minecraft:rail":4,"minecraft:cobblestone":239,"born_in_chaos_v1:corpse_maggot":10,"gnumus:gnumus_doubloons":5,"minecraft:mossy_cobblestone_slab":2,"minecraft:feather":2,"minecraft:water_bucket":1,"minecraft:potato":15,"gnumus:gnumus_pouch":2,"minecraft:flint":1,"minecraft:oak_log":31,"minecraft:dirt":2,"minecraft:lantern":2,"gnumus:gnumus_pouch_2":2,"minecraft:stripped_bamboo_block":2,"minecraft:bone":21,"minecraft:apple":4,"gnumus:gnumus_horn":1,"minecraft:bow":1,"minecraft:wheat_seeds":338,"minecraft:grindstone":1,"born_in_chaos_v1:smoked_flesh":1,"minecraft:iron_ingot":35,"dynamictrees:warped_seed":1,"minecraft:fletching_table":1,"minecraft:rabbit":3,"minecraft:iron_sword":1,"minecraft:book":297,"bakery:strawberry":15,"minecraft:sweet_berries":2,"born_in_chaos_v1:ethereal_spirit":1,"royalvariations:royal_bone":1,"minecraft:poisonous_potato":1,"minecraft:gravel":1,"minecraft:dark_oak_log":2,"minecraft:spider_eye":1,"minecraft:barrel":17,"minecraft:iron_hoe":1,"minecraft:pumpkin_seeds":43,"qualitycrops:wheat_iron":1,"minecraft:green_concrete":3,"born_in_chaos_v1:fire_dust":4,"minecraft:iron_helmet":1,"minecraft:golden_apple":1,"minecraft:mossy_cobblestone_stairs":1,"minecraft:spruce_sign":2,"minecraft:emerald":2,"minecraft:bread":55,"born_in_chaos_v1:rotten_fish":1,"minecraft:brown_banner":2,"minecraft:melon_seeds":8,"minecraft:coal":55,"minecraft:hopper":1,"minecraft:crimson_roots":8,"minecraft:charcoal":2},"minecraft:killed":{"born_in_chaos_v1:zombie_clown":2,"minecraft:cave_spider":2,"born_in_chaos_v1:zombie_lumberjack":2,"born_in_chaos_v1:door_knight_not_despawn":2,"minecraft:spider":6,"royalvariations:royal_skeleton":2,"born_in_chaos_v1:firelight":4,"creeperoverhaul:bamboo_creeper":2,"born_in_chaos_v1:maggot":14,"minecraft:skeleton":8,"gnumus:gnumus_hunter":4,"gnumus:gnumus_hunter_not_dispawn":4,"born_in_chaos_v1:spiritof_chaos":2,"born_in_chaos_v1:bone_imp_minion":4,"born_in_chaos_v1:baby_skeleton":2,"born_in_chaos_v1:swarmer":2,"untamedwilds:giant_clam":2,"born_in_chaos_v1:decrepit_skeleton":6,"born_in_chaos_v1:zombie_fisherman":2,"minecraft:zombie":14,"born_in_chaos_v1:corpse_fly":14,"alexsmobs:roadrunner":2,"born_in_chaos_v1:door_knight":2},"minecraft:broken":{"minecraft:iron_axe":1},"minecraft:mined":{"minecraft:spruce_planks":2,"minecraft:carved_pumpkin":1,"minecraft:grass_block":2,"minecraft:crimson_roots":3,"minecraft:composter":5,"minecraft:green_concrete":3,"minecraft:bamboo_block":4,"minecraft:hopper":1,"minecraft:spawner":7,"minecraft:hay_block":34,"dynamictrees:oak_leaves":1,"burnt:burnt_grass":1,"gnumus:scion_weed":1,"minecraft:mossy_cobblestone_slab":2,"minecraft:iron_ore":48,"minecraft:barrel":17,"minecraft:fire":6,"minecraft:fletching_table":1,"minecraft:gold_block":1,"burnt:burnt_log":2,"minecraft:bookshelf":94,"minecraft:pointed_dripstone":2,"minecraft:stripped_bamboo_block":2,"minecraft:stone":13,"sophisticatedbackpacks:backpack":11,"minecraft:bamboo_slab":1,"minecraft:smithing_table":2,"minecraft:cornflower":1,"dynamictrees:cocoa":1,"untamedwilds:flora_bush_temperate":1,"minecraft:emerald_ore":2,"dynamictrees:acacia_leaves":1,"bakery:wild_strawberries":18,"vinery:red_grape_bush":1,"minecraft:melon":2,"minecraft:chest":6,"minecraft:dead_bush":4,"minecraft:campfire":1,"untamedwilds:flora_elephant_ear":1,"minecraft:copper_ore":2,"minecraft:tall_grass":1,"minecraft:cobblestone":8,"minecraft:grindstone":1,"dynamictrees:crimson_sapling":2,"vinery:white_grape_bush":3,"minecraft:skeleton_skull":3,"minecraft:spruce_stairs":1,"untamedwilds:block_burrow":1,"minecraft:sea_pickle":1,"minecraft:wheat":1,"born_in_chaos_v1:river_mint":11,"minecraft:stone_brick_stairs":1,"dynamictrees:warped_sapling":1,"minecraft:grass":11,"minecraft:coal_ore":54,"minecraft:oak_log":9,"minecraft:gravel":13,"minecraft:dirt":2,"minecraft:cobweb":4,"minecraft:fern":1,"minecraft:yellow_terracotta":2}},"DataVersion":3465}