{"stats":{"minecraft:crafted":{"minecraft:oak_door":3,"minecraft:oak_planks":84,"vinery:grapevine_stem":4,"minecraft:crafting_table":1,"minecraft:furnace":1,"minecraft:cobblestone_stairs":32,"minecraft:air":0,"minecraft:glass_pane":32,"minecraft:glass":15},"minecraft:dropped":{"minecraft:wheat_seeds":19,"minecraft:lapis_lazuli":4,"minecraft:beetroot":1,"minecraft:cobblestone":1,"minecraft:oak_planks":1,"qualitycrops:wheat_iron":1,"minecraft:potato":3,"minecraft:beetroot_seeds":3,"gravestone:obituary":2,"minecraft:oak_stairs":1},"minecraft:custom":{"minecraft:interact_with_furnace":6,"minecraft:mob_kills":2,"minecraft:interact_with_crafting_table":8,"minecraft:leave_game":1,"minecraft:time_since_death":6557,"minecraft:sleep_in_bed":1,"minecraft:time_since_rest":6562,"minecraft:sprint_one_cm":128534,"minecraft:walk_one_cm":116259,"minecraft:damage_taken":1525,"minecraft:trigger_trapped_chest":1,"minecraft:drop":12,"minecraft:damage_dealt":1447,"minecraft:swim_one_cm":19905,"minecraft:talked_to_villager":2,"minecraft:fly_one_cm":185431,"minecraft:player_kills":5,"minecraft:open_chest":8,"minecraft:crouch_one_cm":16666,"minecraft:play_time":18643,"minecraft:deaths":2,"minecraft:sneak_time":1565,"minecraft:walk_under_water_one_cm":1567,"minecraft:jump":957,"minecraft:walk_on_water_one_cm":5528,"minecraft:total_world_time":18643,"minecraft:fall_one_cm":38539},"minecraft:used":{"minecraft:water_bucket":2,"minecraft:cobblestone_stairs":32,"minecraft:iron_shovel":89,"minecraft:oak_planks":61,"minecraft:iron_sword":20,"minecraft:iron_chestplate":1,"minecraft:oak_door":2,"minecraft:dirt":89,"minecraft:crafting_table":1,"minecraft:iron_hoe":13,"minecraft:oak_log":45,"minecraft:iron_axe":76,"minecraft:bread":17,"minecraft:iron_pickaxe":35,"minecraft:iron_helmet":1,"minecraft:iron_boots":1,"vinery:grapevine_stem":3,"minecraft:fire_charge":1,"minecraft:cobblestone":30,"minecraft:furnace":1,"minecraft:bucket":2,"minecraft:glass_pane":26,"torchmaster:megatorch":2,"minecraft:iron_leggings":1},"minecraft:picked_up":{"minecraft:wheat":5,"minecraft:red_mushroom":1,"minecraft:potato":3,"minecraft:oak_stairs":1,"minecraft:gold_block":1,"minecraft:oak_log":63,"minecraft:cobblestone_stairs":2,"minecraft:dirt":106,"minecraft:stone_bricks":1,"minecraft:beetroot":1,"minecraft:wheat_seeds":20,"minecraft:spruce_planks":1,"vinery:grapevine_stem":1,"dynamictrees:oak_seed":23,"minecraft:spruce_slab":2,"minecraft:oak_planks":4,"minecraft:oak_slab":1,"minecraft:stick":91,"minecraft:stone_brick_slab":1,"torchmaster:megatorch":2,"minecraft:sand":19,"qualitycrops:red_mushroom_gold":2,"qualitycrops:wheat_iron":1,"minecraft:beetroot_seeds":3,"minecraft:hay_block":9,"untamedwilds:flora_yarrow":1,"minecraft:cobblestone":28},"minecraft:killed":{"alexsmobs:tasmanian_devil":4,"minecraft:player":1},"minecraft:mined":{"minecraft:oak_slab":1,"minecraft:spruce_planks":1,"minecraft:cobblestone_stairs":2,"minecraft:stone_brick_slab":1,"torchmaster:megatorch":2,"gravestone:gravestone":2,"minecraft:grass_block":42,"minecraft:white_stained_glass_pane":4,"minecraft:tall_grass":5,"minecraft:cobblestone":1,"minecraft:oak_planks":3,"minecraft:hay_block":12,"untamedwilds:flora_yarrow":2,"minecraft:wheat":15,"minecraft:gold_block":1,"minecraft:grass":7,"minecraft:potatoes":1,"minecraft:oak_log":3,"minecraft:beetroots":1,"minecraft:sand":19,"minecraft:dirt":36,"vinery:grapevine_stem":2,"minecraft:stone_bricks":1,"minecraft:stone":29,"minecraft:spruce_slab":2}},"DataVersion":3465}