{"stats":{"minecraft:crafted":{"minecraft:oak_planks":72,"minecraft:crafting_table":1,"sophisticatedbackpacks:gold_backpack":1,"minecraft:birch_planks":44,"sophisticatedbackpacks:copper_backpack":1,"sophisticatedbackpacks:iron_backpack":1},"minecraft:killed_by":{"minecraft:player":6},"minecraft:custom":{"minecraft:mob_kills":39,"minecraft:interact_with_crafting_table":3,"minecraft:open_barrel":44,"minecraft:damage_dealt_resisted":84,"minecraft:leave_game":1,"minecraft:time_since_death":19668,"minecraft:sleep_in_bed":1,"minecraft:climb_one_cm":2874,"minecraft:time_since_rest":4357,"minecraft:sprint_one_cm":229772,"minecraft:damage_taken":4716,"minecraft:walk_one_cm":219154,"minecraft:damage_blocked_by_shield":720,"minecraft:trigger_trapped_chest":7,"minecraft:drop":56,"minecraft:damage_dealt":7774,"minecraft:swim_one_cm":27853,"minecraft:talked_to_villager":1,"minecraft:fly_one_cm":211315,"minecraft:open_chest":16,"minecraft:crouch_one_cm":8474,"minecraft:play_time":34784,"minecraft:deaths":6,"minecraft:sneak_time":1480,"minecraft:walk_under_water_one_cm":9232,"minecraft:jump":1079,"minecraft:walk_on_water_one_cm":24238,"minecraft:total_world_time":34784,"minecraft:fall_one_cm":30746},"minecraft:dropped":{"minecraft:bread":13,"born_in_chaos_v1:black_argillite_brick_stairs":1,"minecraft:wheat_seeds":1,"dynamictrees:oak_seed":1,"minecraft:cherry_log":2,"alexsmobs:animal_dictionary":2,"dynamictrees:birch_seed":5,"minecraft:oak_fence":2,"minecraft:chicken":2,"minecraft:rotten_flesh":9,"minecraft:oak_planks":4,"minecraft:stripped_oak_log":1,"minecraft:dirt":18,"gnumus:gnumus_claw":2,"qualitycrops:wheat_gold":1,"minecraft:dark_oak_log":8,"minecraft:jungle_log":1,"born_in_chaos_v1:corpse_maggot":1,"minecraft:snowball":313,"gravestone:obituary":8,"minecraft:bone":2},"minecraft:used":{"minecraft:dark_oak_stairs":1,"minecraft:water_bucket":13,"minecraft:iron_shovel":17,"minecraft:birch_planks":40,"minecraft:ladder":2,"minecraft:oak_planks":77,"minecraft:shield":22,"minecraft:iron_sword":117,"minecraft:crafting_table":1,"ecologics:seashell":1,"minecraft:dark_oak_log":1,"minecraft:iron_axe":127,"minecraft:bread":30,"minecraft:iron_pickaxe":118,"beachparty:seashell":1,"minecraft:cobblestone":1,"minecraft:bucket":13,"beachparty:raw_mussel_meat":2,"sophisticatedbackpacks:gold_backpack":1},"minecraft:picked_up":{"minecraft:stripped_oak_log":1,"minecraft:birch_log":11,"sophisticatedbackpacks:gold_backpack":1,"minecraft:charcoal":2,"born_in_chaos_v1:corpse_maggot":1,"qualitycrops:wheat_gold":1,"minecraft:feather":3,"minecraft:jungle_log":1,"minecraft:chicken":2,"minecraft:ladder":2,"born_in_chaos_v1:spiritual_dust":2,"born_in_chaos_v1:seedof_chaos":2,"minecraft:leather":2,"gnumus:gnumus_claw":6,"beachparty:raw_mussel_meat":116,"ecologics:seashell":1,"gnumus:gnumus_pouch":1,"minecraft:flint":4,"minecraft:chain":2,"minecraft:oak_log":2,"gravestone:obituary":2,"minecraft:stone_stairs":2,"minecraft:gray_concrete":1,"minecraft:lapis_lazuli":62,"minecraft:dark_oak_trapdoor":3,"minecraft:dirt":18,"gnumus:gnumus_pouch_2":1,"born_in_chaos_v1:monster_skin":1,"minecraft:bone":8,"beachparty:seashell":117,"minecraft:wheat_seeds":1,"minecraft:gold_nugget":29,"minecraft:rabbit_hide":2,"minecraft:iron_ingot":1,"dynamictrees:birch_seed":5,"born_in_chaos_v1:gnawed_bones":1,"dynamictrees:oak_seed":2,"minecraft:oak_planks":9,"minecraft:dark_oak_stairs":8,"minecraft:emerald_block":7,"minecraft:stick":27,"minecraft:raw_iron":3,"minecraft:torch":1,"minecraft:oak_fence":2,"minecraft:cherry_log":2,"born_in_chaos_v1:pieceofdarkmetal":2,"born_in_chaos_v1:black_argillite_brick_stairs":1,"minecraft:redstone":7,"minecraft:dark_oak_log":9,"minecraft:dark_oak_planks":6,"born_in_chaos_v1:damned_demomans_hat_helmet":1,"minecraft:rotten_flesh":16,"minecraft:slime_ball":2,"minecraft:diamond":3,"gnumus:gnumus_clay":11,"minecraft:bread":16,"minecraft:emerald":11,"minecraft:dark_oak_fence":1,"minecraft:snowball":313,"minecraft:cobblestone":1},"minecraft:killed":{"born_in_chaos_v1:bonescaller":2,"minecraft:witch":2,"untamedwilds:terror_bird":2,"born_in_chaos_v1:zombie_lumberjack":2,"born_in_chaos_v1:swarmer":2,"minecraft:spider":2,"untamedwilds:newt":4,"alexsmobs:seal":2,"minecraft:vindicator":2,"born_in_chaos_v1:zombie_bruiser":2,"born_in_chaos_v1:baby_skeleton_minion":4,"born_in_chaos_v1:decrepit_skeleton":4,"minecraft:pillager":18,"minecraft:zombie":8,"born_in_chaos_v1:dread_hound":2,"gnumus:gnumus_hunter":6,"born_in_chaos_v1:firelight_not_despawn":2},"minecraft:mined":{"minecraft:dark_oak_planks":6,"minecraft:gray_concrete":1,"minecraft:snow_block":14,"sophisticatedbackpacks:gold_backpack":1,"minecraft:dark_oak_log":5,"minecraft:ladder":2,"gravestone:gravestone":6,"minecraft:dark_oak_fence":1,"minecraft:grass_block":1,"minecraft:campfire":1,"born_in_chaos_v1:chipped_black_argillite_brick":2,"minecraft:oak_planks":9,"minecraft:spawner":2,"beachparty:seashell_block":119,"minecraft:stone_stairs":2,"minecraft:chain":2,"untamedwilds:block_burrow":3,"farmersdelight:sandy_shrub":1,"ecologics:seashell":1,"minecraft:dark_oak_trapdoor":3,"minecraft:wheat":2,"born_in_chaos_v1:black_argillite_brick_slab":2,"minecraft:iron_ore":3,"minecraft:fire":1,"minecraft:snow":1,"born_in_chaos_v1:black_argillite_brick_stairs":1,"minecraft:bee_nest":1,"minecraft:dark_oak_stairs":8,"minecraft:grass":6,"minecraft:oak_log":2,"crittersandcompanions:silk_cocoon":1,"minecraft:cracked_stone_bricks":1,"gnumus:fragile_gnumus_jug":2,"minecraft:stone":1,"minecraft:emerald_block":7}},"DataVersion":3465}