{"stats":{"minecraft:crafted":{"minecraft:oak_boat":1,"minecraft:oak_planks":20,"sophisticatedbackpacks:copper_backpack":1,"minecraft:crafting_table":1,"sophisticatedbackpacks:gold_backpack":1,"sophisticatedbackpacks:iron_backpack":1},"minecraft:dropped":{"minecraft:hay_block":3,"dynamictrees:oak_seed":4,"alexsmobs:animal_dictionary":2},"minecraft:custom":{"minecraft:time_since_rest":14678,"minecraft:interact_with_furnace":1,"minecraft:sprint_one_cm":50577,"minecraft:damage_taken":603,"minecraft:walk_one_cm":81268,"minecraft:damage_blocked_by_shield":90,"minecraft:trigger_trapped_chest":1,"minecraft:drop":4,"minecraft:damage_dealt":34,"minecraft:swim_one_cm":4104,"minecraft:interact_with_crafting_table":4,"minecraft:fly_one_cm":71888,"minecraft:open_chest":17,"minecraft:crouch_one_cm":167,"minecraft:play_time":14678,"minecraft:sneak_time":129,"minecraft:walk_under_water_one_cm":2115,"minecraft:boat_one_cm":86985,"minecraft:jump":396,"minecraft:leave_game":1,"minecraft:walk_on_water_one_cm":3216,"minecraft:time_since_death":14678,"minecraft:total_world_time":14678,"minecraft:interact_with_smoker":1,"minecraft:fall_one_cm":13290},"minecraft:used":{"minecraft:water_bucket":9,"minecraft:iron_axe":1,"minecraft:bread":13,"minecraft:iron_pickaxe":54,"minecraft:shield":1,"minecraft:iron_sword":4,"minecraft:cobblestone":4,"minecraft:crafting_table":1,"minecraft:bucket":9,"minecraft:oak_boat":3,"alexsmobs:animal_dictionary":1},"minecraft:picked_up":{"minecraft:stick":15,"minecraft:raw_iron":7,"minecraft:oak_log":11,"alexsmobs:animal_dictionary":1,"minecraft:red_bed":4,"minecraft:hay_block":3,"minecraft:oak_boat":2,"dynamictrees:oak_seed":8,"minecraft:coal":41,"minecraft:cobblestone":15},"minecraft:mined":{"minecraft:red_bed":4,"minecraft:iron_ore":8,"minecraft:coal_ore":41,"minecraft:tall_grass":1,"minecraft:cobblestone":1,"minecraft:red_mushroom_block":2,"minecraft:stone":4}},"DataVersion":3465}