{"stats":{"minecraft:crafted":{"minecraft:oak_boat":1,"minecraft:oak_planks":28},"minecraft:killed_by":{"minecraft:player":1},"minecraft:dropped":{"minecraft:bread":6,"minecraft:wheat_seeds":1,"dynamictrees:oak_seed":1,"alexsmobs:animal_dictionary":1,"sophisticatedbackpacks:backpack":1,"minecraft:stick":1},"minecraft:custom":{"minecraft:time_since_rest":3944,"minecraft:interact_with_furnace":1,"minecraft:sprint_one_cm":96959,"minecraft:damage_taken":10163,"minecraft:walk_one_cm":120664,"minecraft:mob_kills":1,"minecraft:drop":11,"minecraft:damage_dealt":367,"minecraft:swim_one_cm":5509,"minecraft:player_kills":1,"minecraft:interact_with_cartography_table":1,"minecraft:fly_one_cm":75881,"minecraft:interact_with_crafting_table":3,"minecraft:talked_to_villager":2,"minecraft:open_chest":7,"minecraft:crouch_one_cm":699,"minecraft:play_time":22006,"minecraft:deaths":2,"minecraft:sneak_time":119,"minecraft:walk_under_water_one_cm":8331,"minecraft:boat_one_cm":42526,"minecraft:jump":547,"minecraft:interact_with_grindstone":1,"minecraft:leave_game":1,"minecraft:time_since_death":3846,"minecraft:walk_on_water_one_cm":9709,"minecraft:total_world_time":22006,"minecraft:fall_one_cm":16533,"minecraft:horse_one_cm":1507},"minecraft:used":{"minecraft:water_bucket":1,"minecraft:iron_axe":6,"minecraft:bread":10,"minecraft:iron_helmet":2,"minecraft:iron_sword":12,"minecraft:iron_boots":1,"minecraft:iron_chestplate":1,"minecraft:dirt":1,"minecraft:crafting_table":1,"minecraft:bucket":1,"minecraft:oak_boat":1,"minecraft:iron_leggings":1},"minecraft:picked_up":{"minecraft:stick":2,"minecraft:crafting_table":2,"minecraft:potato":1,"sophisticatedbackpacks:backpack":3,"minecraft:oak_log":7,"alexsmobs:animal_dictionary":2,"minecraft:dirt":1,"minecraft:red_bed":1,"qualitycrops:wheat_iron":1,"minecraft:beetroot_seeds":3,"minecraft:wheat_seeds":18,"minecraft:oak_boat":1,"minecraft:bread":6,"dynamictrees:oak_seed":1,"minecraft:oak_planks":20},"minecraft:killed":{"minecraft:bee":2},"minecraft:mined":{"minecraft:red_bed":1,"minecraft:crafting_table":2,"gravestone:gravestone":1,"minecraft:grass":6,"untamedwilds:flora_hemlock":1,"minecraft:grass_block":2}},"DataVersion":3465}