{"stats":{"minecraft:mined":{"gravestone:gravestone":1,"minecraft:red_sand":84,"minecraft:grass_block":8,"minecraft:decorated_pot":1,"minecraft:crimson_roots":2,"minecraft:spawner":4,"farmersdelight:wild_onions":1,"minecraft:mossy_cobblestone_slab":1,"minecraft:mossy_cobblestone_stairs":1,"minecraft:iron_ore":91,"minecraft:fire":1,"minecraft:snow":3,"minecraft:bookshelf":57,"crittersandcompanions:silk_cocoon":1,"minecraft:stone":28,"minecraft:iron_block":2,"minecraft:snow_block":3,"minecraft:crimson_nylium":8,"minecraft:orange_terracotta":7,"minecraft:crafting_table":3,"minecraft:cornflower":2,"minecraft:emerald_ore":3,"minecraft:melon":17,"minecraft:dead_bush":1,"minecraft:copper_ore":5,"minecraft:skeleton_skull":1,"minecraft:red_terracotta":1,"minecraft:wheat":109,"minecraft:grass":2,"minecraft:coal_ore":51,"minecraft:flower_pot":1,"minecraft:dirt":2,"minecraft:cobweb":1,"dynamictrees:oak_sapling":1,"minecraft:terracotta":13,"minecraft:netherrack":24,"minecraft:gold_ore":1},"minecraft:killed_by":{"born_in_chaos_v1:zombie_bruiser":2},"minecraft:killed":{"minecraft:vex":6,"minecraft:spider":2,"born_in_chaos_v1:skeleton_thrasher_not_despawn":2,"alexsmobs:rattlesnake":2,"born_in_chaos_v1:baby_skeleton_minion":6,"born_in_chaos_v1:maggot":6,"minecraft:skeleton":2,"vinery:mule":4,"born_in_chaos_v1:supreme_bonescaller_stage_2":2,"vinery:wandering_winemaker":2,"born_in_chaos_v1:bone_imp_minion":4,"minecraft:hoglin":2,"minecraft:zombie":10,"born_in_chaos_v1:bonescaller_not_despawn":4,"minecraft:stray":2,"minecraft:player":1},"minecraft:picked_up":{"minecraft:wheat":89,"qualitycrops:wheat_gold":10,"minecraft:crafting_table":4,"vinery:red_grape":1,"minecraft:allium":3,"minecraft:flower_pot":1,"minecraft:chest_minecart":1,"born_in_chaos_v1:seedof_chaos":2,"nethersdelight:propelpearl":2,"gnumus:gnumus_claw":2,"minecraft:lead":1,"untamedwilds:flora_canola":1,"minecraft:potion":1,"gravestone:obituary":2,"minecraft:brick":4,"minecraft:shield":1,"crittersandcompanions:grappling_hook":2,"minecraft:cornflower":2,"qualitycrops:wheat_diamond":5,"minecraft:raw_copper":9,"minecraft:flint_and_steel":1,"minecraft:red_sand":41,"untamedwilds:material_snake_skin":1,"qualitycrops:melon_slice_gold":12,"nethersdelight:hoglin_sirloin":2,"minecraft:iron_nugget":39,"dynamictrees:oak_seed":19,"minecraft:iron_pickaxe":1,"minecraft:melon_slice":102,"farmersdelight:golden_knife":1,"farmersdelight:cabbage_seeds":2,"minecraft:stick":42,"minecraft:raw_iron":87,"born_in_chaos_v1:shattered_skull":1,"minecraft:torch":29,"minecraft:spruce_stairs":1,"sophisticatedbackpacks:backpack":14,"born_in_chaos_v1:pileof_dark_metal":1,"farmersdelight:tomato_seeds":5,"minecraft:arrow":2,"minecraft:rotten_flesh":10,"minecraft:beetroot_seeds":3,"farmersdelight:onion":2,"dynamictrees:crimson_seed":1,"crittersandcompanions:silk":8,"minecraft:carved_pumpkin":1,"gnumus:gnumus_chickpeas":3,"farmersdelight:rope":12,"minecraft:obsidian":2,"minecraft:snowball":15,"minecraft:cobblestone":26,"born_in_chaos_v1:staffof_magic_arrows":1,"born_in_chaos_v1:corpse_maggot":1,"minecraft:mossy_cobblestone_slab":2,"born_in_chaos_v1:spiritual_dust":3,"minecraft:leather":1,"qualitycrops:melon_slice_diamond":6,"minecraft:flint":6,"minecraft:oak_log":49,"minecraft:gunpowder":9,"minecraft:dirt":10,"minecraft:orange_terracotta":4,"minecraft:name_tag":1,"minecraft:bone":6,"farmersdelight:cooking_pot":1,"minecraft:bow":1,"minecraft:wheat_seeds":249,"minecraft:raw_gold":1,"minecraft:rabbit_hide":8,"minecraft:grindstone":1,"born_in_chaos_v1:smoked_flesh":6,"dynamictrees:birch_seed":4,"dynamictrees:warped_seed":1,"minecraft:bamboo":2,"minecraft:powered_rail":4,"minecraft:book":156,"qualitycrops:cooked_porkchop_gold":1,"minecraft:bamboo_planks":12,"born_in_chaos_v1:orbofthe_summoner":1,"minecraft:grass_block":1,"minecraft:spider_eye":1,"qualitycrops:wheat_iron":15,"born_in_chaos_v1:fire_dust":4,"qualitycrops:melon_slice_iron":5,"minecraft:golden_apple":1,"minecraft:emerald":3,"minecraft:bread":1,"minecraft:terracotta":13,"minecraft:netherrack":27,"minecraft:coal":64,"minecraft:crimson_roots":3,"minecraft:ender_pearl":3},"minecraft:crafted":{"crittersandcompanions:grappling_hook":2,"sophisticatedbackpacks:iron_backpack":1,"sophisticatedbackpacks:backpack":10,"minecraft:iron_helmet":1,"sophisticatedbackpacks:gold_backpack":1,"minecraft:iron_pickaxe":1},"minecraft:custom":{"minecraft:mob_kills":28,"minecraft:interact_with_crafting_table":13,"minecraft:open_barrel":8,"minecraft:damage_dealt_resisted":638,"minecraft:leave_game":3,"minecraft:time_since_death":24669,"minecraft:climb_one_cm":1669,"minecraft:sprint_one_cm":254080,"minecraft:walk_one_cm":287333,"minecraft:damage_blocked_by_shield":160,"minecraft:drop":36,"minecraft:talked_to_villager":1,"minecraft:play_time":55693,"minecraft:deaths":4,"minecraft:sneak_time":1198,"minecraft:walk_under_water_one_cm":4182,"minecraft:jump":1188,"minecraft:walk_on_water_one_cm":6443,"minecraft:total_world_time":55693,"minecraft:time_since_rest":24702,"minecraft:damage_taken":1899,"minecraft:trigger_trapped_chest":7,"minecraft:damage_dealt":4719,"minecraft:swim_one_cm":220,"minecraft:fly_one_cm":207218,"minecraft:player_kills":1,"minecraft:open_chest":21,"minecraft:crouch_one_cm":4428,"minecraft:fall_one_cm":35753},"minecraft:dropped":{"minecraft:bread":1,"minecraft:wheat_seeds":192,"minecraft:oak_log":21,"untamedwilds:material_snake_skin":1,"minecraft:stick":1,"minecraft:dirt":1,"minecraft:mossy_cobblestone_slab":2,"minecraft:cornflower":2,"minecraft:crimson_roots":3,"minecraft:snowball":15,"farmersdelight:onion":1,"gravestone:obituary":4,"dynamictrees:oak_seed":13,"born_in_chaos_v1:smoked_flesh":1,"sophisticatedbackpacks:backpack":6,"minecraft:shield":1,"minecraft:flower_pot":1,"born_in_chaos_v1:seedof_chaos":2,"minecraft:allium":3,"crittersandcompanions:grappling_hook":3,"brewery:whiskey_maggoallan":1},"minecraft:used":{"minecraft:red_sand":41,"minecraft:iron_shovel":17,"minecraft:shield":4,"minecraft:iron_sword":129,"dynamictrees:oak_seed":6,"minecraft:dirt":9,"minecraft:anvil":1,"minecraft:spruce_stairs":1,"born_in_chaos_v1:supreme_measure":1,"born_in_chaos_v1:smoked_flesh":1,"minecraft:grass_block":15,"minecraft:iron_axe":99,"dynamictrees:birch_seed":1,"torchmaster:megatorch":15,"minecraft:orange_terracotta":4,"minecraft:water_bucket":23,"minecraft:terracotta":13,"qualitycrops:cooked_porkchop_gold":1,"minecraft:crafting_table":4,"minecraft:diamond_shovel":83,"minecraft:bread":21,"minecraft:iron_pickaxe":245,"nethersdelight:hoglin_sirloin":1,"minecraft:cobblestone":3,"minecraft:bucket":23}},"DataVersion":3465}