{"stats":{"minecraft:custom":{"minecraft:jump":26,"minecraft:time_since_rest":5691,"minecraft:leave_game":1,"minecraft:crouch_one_cm":31,"minecraft:damage_dealt":36,"minecraft:deaths":2,"minecraft:sprint_one_cm":5791,"minecraft:play_time":7824,"minecraft:damage_taken":500,"minecraft:time_since_death":5658,"minecraft:walk_one_cm":8107,"minecraft:sneak_time":11,"minecraft:total_world_time":7824,"minecraft:drop":2,"minecraft:fall_one_cm":211,"minecraft:fly_one_cm":38332},"minecraft:used":{"torchmaster:megatorch":1,"minecraft:grass_block":8},"minecraft:killed_by":{"born_in_chaos_v1:zombie_bruiser":2},"minecraft:picked_up":{"gravestone:obituary":1},"minecraft:dropped":{"gravestone:obituary":2}},"DataVersion":3465}